DocumentNumber,Type,CreatedUTC,PayerName,Total,PayerId,Id,SequenceNumber
11-2025-8,Invoice,30-11-2025 00:00:00,Jane Smith,285.0,49246f53-8084-406f-bb31-a56224178756,1450c3df-2313-438b-9c30-2c595587d94f,8
TCK-04-2025-4,Ticket,30-04-2025 00:00:00,Carlos Gomez,90.0,65fb0643-14ea-4630-b590-6b736933280b,3e9235a9-f447-441d-ab07-6fa04fcfbfc0,4
07-2024-5,Invoice,31-07-2024 00:00:00,Jane Smith,130.0,49246f53-8084-406f-bb31-a56224178756,a389929f-7f23-474e-88f5-c896a38688ad,5
12-2025-9,Invoice,31-12-2025 00:00:00,Carlos Gomez,90.0,65fb0643-14ea-4630-b590-6b736933280b,a38b4923-dafd-4d90-8d4f-fac59663b37d,9
06-2024-4,Invoice,30-06-2024 00:00:00,John Doe,112.5,902b7227-8c00-47aa-bf25-51e5b6de4b3f,aaee43d5-5c0e-40e8-8b8a-c9d445d42621,4
02-2025-1,Invoice,28-02-2025 00:00:00,John Doe,114.5,902b7227-8c00-47aa-bf25-51e5b6de4b3f,afbe9108-9755-401c-bd68-a759ffb159ea,1
03-2025-2,Invoice,31-03-2025 00:00:00,Jane Smith,136.0,49246f53-8084-406f-bb31-a56224178756,b8c4382e-f17d-4cb0-a005-169c75642c97,2
TCK-10-2025-7,Ticket,31-10-2025 00:00:00,John Doe,229.5,902b7227-8c00-47aa-bf25-51e5b6de4b3f,b8f42f79-ca93-416c-8430-36617325210e,7
TCK-08-2024-1,Ticket,31-08-2024 00:00:00,Carlos Gomez,90.0,65fb0643-14ea-4630-b590-6b736933280b,e8af5dcb-438a-48e7-a2b1-46194895f230,1
