Date,Name,StudentName,FinalPrice,IsPaid,Notes,BillName,IsPricePerHour,DurationMinutes,BasePrice,IsOnline,TravelAllowance,IsWeekendOrHoliday,WeekendFee,Tip,Id,StudentId,BillId
15-04-2026,French Lessons - Chloe,Chloe Dubois,52.5,False,,,True,60,37.5,False,10.0,True,5.0,3.0,1c7295af-b225-4c73-a5cc-194d99698f7f,b53e4176-141f-4cc6-8806-f0bd46a949cb,
22-07-2025,French Lessons - Chloe,Chloe Dubois,42.5,True,,09-2025-7,True,60,35.0,False,7.5,True,0.0,3.0,26473f43-5c24-40a3-822d-d02b990bb8b8,b53e4176-141f-4cc6-8806-f0bd46a949cb,3d9dc7ae-1bae-4106-8a39-2ddf2e37b4e7
02-06-2025,Fitness Session - Marco,Marco Rossi,57.5,True,,06-2025-5,True,60,50.0,False,7.5,True,0.0,2.0,2e965339-ae47-454a-a087-9ab3cec01720,ad1bc06d-6950-43b3-8391-4573e7b577e6,d68b3450-153a-44d9-a092-5c04de7b42e0
18-05-2025,Spanish Practice - Sofia,Sofia Lopez,35.0,True,,05-2025-3,False,,35.0,True,7.5,False,0.0,1.0,3bc2f1f2-8545-425d-92cb-7baea7ab9f56,9a476174-de5c-458e-b90b-10a293c63961,ae844ad7-03ad-49b5-9553-2893ef27cc67
25-09-2024,French Lessons - Chloe,Chloe Dubois,40.0,True,,TCK-01-2025-1,True,60,35.0,False,5.0,True,0.0,2.0,4327af0f-126d-4a1e-8f71-981f3b2b11b9,b53e4176-141f-4cc6-8806-f0bd46a949cb,535856f9-b785-4fcb-804e-8f1d359976be
18-08-2024,Fitness Session - Marco,Marco Rossi,55.0,True,,TCK-10-2024-3,True,60,50.0,False,5.0,True,0.0,2.0,4aa5820f-4f8e-4165-a903-d1d4c2f72535,ad1bc06d-6950-43b3-8391-4573e7b577e6,ccfb9135-bfbe-498f-bff5-ca199bcac8ce
10-04-2026,French Lessons - Chloe,Chloe Dubois,52.5,False,,,True,60,37.5,False,10.0,True,5.0,3.0,4b6499fd-c20d-4148-98fc-3f26c58f90f0,b53e4176-141f-4cc6-8806-f0bd46a949cb,
02-02-2025,German Lessons - Leon,Leon Müller,35.0,True,,08-2025-6,True,60,35.0,True,7.5,False,0.0,1.0,654b2ff1-9a61-4279-ad82-935d5c78527a,de4cc202-3d1f-4c64-a4c4-db031882d622,c71b9f98-ccdd-421b-8a36-918c25815852
15-01-2025,Business Coaching - Emily,Emily Brown,110.0,True,,TCK-07-2025-6,True,120,55.0,True,7.5,False,0.0,0.0,6aad7238-c216-416f-bf48-68ea7b40288a,820af8ee-2f08-4da9-b805-48ce1d534f53,24663fa5-b7d1-4515-ac5c-cfdbf8508b72
05-08-2024,Spanish Practice - Sofia,Sofia Lopez,35.0,True,,09-2024-7,False,,35.0,True,5.0,False,0.0,1.5,809941bf-3cf8-4187-a074-a342b7a8c140,9a476174-de5c-458e-b90b-10a293c63961,75c27f7d-cef0-4e82-8fce-a1d99ccacc30
18-03-2026,French Lessons - Chloe,Chloe Dubois,50.0,False,,05-2026-3,True,60,35.0,False,10.0,True,5.0,2.0,897de773-0557-4465-9e36-a1fe3ec75467,b53e4176-141f-4cc6-8806-f0bd46a949cb,59c70a38-31e8-4e14-bd95-c7ee4b2b6397
25-01-2026,Spanish Practice - Sofia,Sofia Lopez,35.0,False,,TCK-01-2026-1,False,,35.0,True,10.0,False,5.0,2.0,8abf4fa0-057b-4948-9e40-a7fddfe0df43,9a476174-de5c-458e-b90b-10a293c63961,b43a2001-17ab-482f-b554-75092409c83e
20-02-2026,Business Coaching - Emily,Emily Brown,110.0,False,,03-2026-2,True,120,55.0,True,10.0,False,5.0,0.0,8c7ae5f4-9857-4b96-b1a4-95d532383b0c,820af8ee-2f08-4da9-b805-48ce1d534f53,785fd902-bd4d-44be-878c-24ff18721984
05-03-2026,German Lessons - Leon,Leon Müller,35.0,False,,TCK-04-2026-2,True,60,35.0,True,10.0,False,5.0,1.0,9456c0cd-9ddf-461a-b14b-9eead6abb970,de4cc202-3d1f-4c64-a4c4-db031882d622,04859a42-f160-4836-9bac-28288baf6c88
05-02-2026,Fitness Session - Marco,Marco Rossi,65.0,False,,02-2026-1,True,60,50.0,False,10.0,True,5.0,3.0,98ccfe54-4b8a-4f63-83b8-ad460c620663,ad1bc06d-6950-43b3-8391-4573e7b577e6,de8f987f-05e3-4430-a478-99cb521de3b4
01-04-2026,French Lessons - Chloe,Chloe Dubois,52.5,False,,,True,60,37.5,False,10.0,True,5.0,2.0,af1753e4-0012-4c87-a217-099f140136b0,b53e4176-141f-4cc6-8806-f0bd46a949cb,
23-04-2026,French Lessons - Chloe,Chloe Dubois,52.5,False,,,True,60,37.5,False,10.0,True,5.0,2.0,b9fa35fe-1b0f-49d3-9c4d-fe88efba344a,b53e4176-141f-4cc6-8806-f0bd46a949cb,
02-09-2024,Business Coaching - Emily,Emily Brown,100.0,True,,11-2024-8,True,120,50.0,True,5.0,False,0.0,0.0,cadc5212-bb54-47db-8fdf-cef902ce17c7,820af8ee-2f08-4da9-b805-48ce1d534f53,19899aa5-a444-4a06-9091-8f878d62af27
05-01-2025,Fitness Session - Marco,Marco Rossi,57.5,True,,06-2025-5,True,60,50.0,False,7.5,False,0.0,2.0,df529df9-80ec-4f04-8895-117736408e43,ad1bc06d-6950-43b3-8391-4573e7b577e6,d68b3450-153a-44d9-a092-5c04de7b42e0
10-09-2024,German Lessons - Leon,Leon Müller,35.0,True,,12-2024-9,True,60,35.0,True,5.0,False,0.0,1.0,e3371212-cbc7-4c13-ac09-0e981083548a,de4cc202-3d1f-4c64-a4c4-db031882d622,0240645d-14b4-4090-9439-55c1a04b9902
18-02-2025,French Lessons - Chloe,Chloe Dubois,42.5,True,,09-2025-7,True,60,35.0,False,7.5,True,0.0,3.0,e4736f13-3546-4da8-81bc-d196b7e28e33,b53e4176-141f-4cc6-8806-f0bd46a949cb,3d9dc7ae-1bae-4106-8a39-2ddf2e37b4e7
20-06-2025,Business Coaching - Emily,Emily Brown,110.0,True,,TCK-07-2025-6,True,120,55.0,True,7.5,False,0.0,0.0,e6710b78-f1f6-4de5-bdb0-8318f57ff6da,820af8ee-2f08-4da9-b805-48ce1d534f53,24663fa5-b7d1-4515-ac5c-cfdbf8508b72
18-12-2024,Spanish Practice - Sofia,Sofia Lopez,35.0,True,,05-2025-3,False,,35.0,True,5.0,False,0.0,2.0,fbcc92bf-21c9-4a08-b6ff-e9e9126b631b,9a476174-de5c-458e-b90b-10a293c63961,ae844ad7-03ad-49b5-9553-2893ef27cc67
05-07-2025,German Lessons - Leon,Leon Müller,35.0,True,,08-2025-6,True,60,35.0,True,7.5,False,0.0,2.0,fff4e7a2-2df1-4d51-9677-8e3dc7196a9d,de4cc202-3d1f-4c64-a4c4-db031882d622,c71b9f98-ccdd-421b-8a36-918c25815852
